city,photo,video
Агинское,,
Агра,,
Алматы,,
Анталия,,
Апатиты,,
Архангельск,,
Астрахань,,
Ауттая,,
Афины,,
Бали,,
Бангкок,,
Бандунг,,
Барилоче,,
Барнаул,,
Барселона,,
Батуми,,
Белград,,
Белокуриха,,
Бийск,,
Бишкек,,
Богота,,
Боракай,,
Борзя,,
Бразилиа,,
Брест,,
Будва,,
Буйнаск,,
Бухара,,
Буэносайрес,,
Бэйдайхэ,,
Валаам,,
Валдай,,
Ватикан,,
Вейфан,,
Виктория Фолс,,
Вила франко де кампо,,
Вильясон,,
Виндхук,,
Витебск,,
Владивосток,,
Владикавказ,,
Волгоград,,
Вуси,,
Выборг,,
Вьентьян,,
Вэнчжоу,,
Геленджик,,
Гоа,,
Гонконг,,
Горно-Алтайск,,
Грозный,,
Гуанчжоу,,
Гуатавита,,
Гуатапе,,
Гуйлинь,,
Гуниб,,
Гюмри,,
Далат,,
Дели,,
Дербент,,
Джайпур,,
Джакарта,,
Джандяде,,
Дженджоу,,
Джуншань,,
Джухай,,
Дзыбо,,
Динань,,
Долинск,,
Доха,,
Дубай,,
Дэджоу,,
Екатеринбург,,
Елизарово,,
Елизово,,
Ереван,,
Зелонградск,,
Игуасу,,
Избербаш,,
Измир,,
Иркутск,,
Иссыкуль,,
Итайпу,,
Иу,,
Йокарта,,
Йоханесбург,,
Казань,,
Калама,,
Калибо,,
Калиниград,,
Кападокия,,
Картахена,,
Каспийск,,
Катиклан,,
Катманду,,
Кейптаун,,
Кемь,,
Кижи,,
Киото,,
Кировск,,
Кисловодск,,
Колонья,,
Констанс,,
Конья,,
Копакабана Титикака,,
Кордоба,,
Корнвестхайм,,
Корсаков,,
Котор,,
Кройцлинген,,
Куала-лумпур,,
Курильск,,
Куско,,
Ла киака,,
Лапас,,
Ливингстоун,,
Лима,,
Линьи,,
Лиссабон,,
Литисия,,
Лоян,,
Луанда,,
Лэшань,,
Людвисбург,,
Ляочхэн,,
Макао,,
Манаус,,
Маньчжурия,,
Мардельплата,,
Маскат,,
Махачкала,,
Медан,,
Медельин,,
Мендоса,,
Минводы,,
Минск,,
Москва,,
Муйне,,
Мурманск,,
Нальчик,,
Нанкин,,
Нара,,
Находка,,
Неукен,,
Нижний-Новгород,,
Новгород,,
Нови-Сад,,
Новосибирск,,
Оренбург,,
Осака,,
Панган,,
Париж,,
Паттайя,,
Пекин,,
Петроварадин,,
Петрозаводск,,
Петропаловск-Камчтаский,,
Пинанг,,
Питер,,
Подгорица,,
Покхара,,
Понте-Дельгата,,
Приозерск,,
Псков,,
Пуно,,
Пусан,,
Пуэрто Игуасу,,
Пхукет,,
Рабо де пейша,,
Рим,photos/rim.jpg,
Рио-де-жанейро,,
Ростов-на-дону,,
Саймонстаун,,
Самаранд,,
Самуи,,
Сан-Паулу,,
Сан-педро де атакама,,
Сантьяго,,
Санья,,
Сараево,,
Светлогорск,,
Северодвинск,,
Сергеев-Пасад,,
Сеул,,
Сиань,,
Сиемрип,,
Сингапур,,
Синтай,,
Синтра,,
Сипакира,,
Смоленск,,
Соловки,,
Сортавала,,
Сочи,,
Стамбул,,
Страсбург,,
Сурабая,,
Сьюдад-дель-Эсте,,
Сямень,,
Табатинга,,
Ташкент,,
Тбилиси,,
Телецкое озеро,,
Тиват,,
Тиоман,,
Тобе,,
Токио,,
Трабзон,,
Туапсе,,
Тукуман,,
Тянцзинь,,
Улан-Батор,,
Улан-удэ,,
Уолфин Вальвес,,
Ургенч,,
Уюни,,
Фетхия,,
Фос ду Игуасу,,
Фошань,,
Фуншал,,
Фурнаш,,
Фучжоу,,
Ха Лонг,,
Хабаровск,,
Хайлар,,
Хандань,,
Ханой,,
Ханчжоу,,
Харбин,,
Хибины,,
Хива,,
Хошимин,,
Хухуй,,
Хэюань,,
Циндао,,
Цханжоу,,
Чеджу,,
Челябинск,,
Ченду,,
Чита,,
Читван,,
Чобе,,
Чолпан ата,,
Чунцин,,
Шали,,
Шанхай,,
Шеньчжень,,
Шеньян,,
Штуттгарт,,
Шымкент,,
Эмейшань,,
Эслинген,,
Южно-Сахалинск,,
Янгон,,
Янтай,,
